<?xml version="1.0" encoding="utf-8"?>
<PluginInfo Project="GGJ2021" Platform="Windows" BasePlatform="Windows">
	<Plugins>
		<Plugin Name="Wwise Parametric EQ" ID="6881283" DLL="AkParametricEQ"/>
		<Plugin Name="Wwise Harmonizer" ID="9043971" DLL="AkHarmonizer"/>
		<Plugin Name="Wwise Synth One" ID="9699330" DLL="AkSynthOne"/>
		<Plugin Name="System" ID="11403271" DLL="DefaultSink"/>
		<Plugin Name="No Output" ID="11862023" DLL="DefaultSink"/>
		<Plugin Name="Wwise Motion" ID="33226759" DLL="AkMotion"/>
	</Plugins>
</PluginInfo>
